{
  "seed": "#0D5C75",
  "description": "TYPE: CUSTOM",
  "coreColors": {
    "primary": "#0D5C75"
  },
  "schemes": {
    "light": {
      "primary": "#006783",
      "onPrimary": "#FFFFFF",
      "primaryContainer": "#BDE9FF",
      "onPrimaryContainer": "#001F2A",
      "primaryFixed": "#BDE9FF",
      "onPrimaryFixed": "#001F2A",
      "primaryFixedDim": "#64D3FF",
      "onPrimaryFixedVariant": "#004D64",
      "secondary": "#4D616B",
      "onSecondary": "#FFFFFF",
      "secondaryContainer": "#D0E6F2",
      "onSecondaryContainer": "#081E27",
      "secondaryFixed": "#D0E6F2",
      "onSecondaryFixed": "#081E27",
      "secondaryFixedDim": "#B4CAD6",
      "onSecondaryFixedVariant": "#354A53",
      "tertiary": "#5D5B7D",
      "onTertiary": "#FFFFFF",
      "tertiaryContainer": "#E3DFFF",
      "onTertiaryContainer": "#191836",
      "tertiaryFixed": "#E3DFFF",
      "onTertiaryFixed": "#191836",
      "tertiaryFixedDim": "#C6C2EA",
      "onTertiaryFixedVariant": "#454364",
      "error": "#BA1A1A",
      "onError": "#FFFFFF",
      "errorContainer": "#FFDAD6",
      "onErrorContainer": "#410002",
      "outline": "#70787D",
      "background": "#FBFCFE",
      "onBackground": "#191C1E",
      "surface": "#F8F9FB",
      "onSurface": "#191C1E",
      "surfaceVariant": "#DCE4E9",
      "onSurfaceVariant": "#40484C",
      "inverseSurface": "#2E3132",
      "inverseOnSurface": "#EFF1F3",
      "inversePrimary": "#64D3FF",
      "shadow": "#000000",
      "surfaceTint": "#006783",
      "outlineVariant": "#C0C8CD",
      "scrim": "#000000",
      "surfaceContainerHighest": "#E1E2E4",
      "surfaceContainerHigh": "#E7E8EA",
      "surfaceContainer": "#EDEEF0",
      "surfaceContainerLow": "#F2F4F6",
      "surfaceContainerLowest": "#FFFFFF",
      "surfaceBright": "#F8F9FB",
      "surfaceDim": "#D9DADC"
    },
    "dark": {
      "primary": "#64D3FF",
      "onPrimary": "#003546",
      "primaryContainer": "#004D64",
      "onPrimaryContainer": "#BDE9FF",
      "primaryFixed": "#BDE9FF",
      "onPrimaryFixed": "#001F2A",
      "primaryFixedDim": "#64D3FF",
      "onPrimaryFixedVariant": "#004D64",
      "secondary": "#B4CAD6",
      "onSecondary": "#1E333C",
      "secondaryContainer": "#354A53",
      "onSecondaryContainer": "#D0E6F2",
      "secondaryFixed": "#D0E6F2",
      "onSecondaryFixed": "#081E27",
      "secondaryFixedDim": "#B4CAD6",
      "onSecondaryFixedVariant": "#354A53",
      "tertiary": "#C6C2EA",
      "onTertiary": "#2E2D4D",
      "tertiaryContainer": "#454364",
      "onTertiaryContainer": "#E3DFFF",
      "tertiaryFixed": "#E3DFFF",
      "onTertiaryFixed": "#191836",
      "tertiaryFixedDim": "#C6C2EA",
      "onTertiaryFixedVariant": "#454364",
      "error": "#FFB4AB",
      "onError": "#690005",
      "errorContainer": "#93000A",
      "onErrorContainer": "#FFDAD6",
      "outline": "#8A9297",
      "background": "#191C1E",
      "onBackground": "#E1E2E4",
      "surface": "#111415",
      "onSurface": "#C5C7C8",
      "surfaceVariant": "#40484C",
      "onSurfaceVariant": "#C0C8CD",
      "inverseSurface": "#E1E2E4",
      "inverseOnSurface": "#191C1E",
      "inversePrimary": "#006783",
      "shadow": "#000000",
      "surfaceTint": "#64D3FF",
      "outlineVariant": "#40484C",
      "scrim": "#000000",
      "surfaceContainerHighest": "#323537",
      "surfaceContainerHigh": "#272A2C",
      "surfaceContainer": "#1D2022",
      "surfaceContainerLow": "#191C1E",
      "surfaceContainerLowest": "#0C0F10",
      "surfaceBright": "#373A3B",
      "surfaceDim": "#111415"
    }
  },
  "palettes": {
    "primary": {
      "0": "#000000",
      "5": "#00131B",
      "10": "#001F2A",
      "20": "#003546",
      "25": "#004154",
      "30": "#004D64",
      "35": "#005A73",
      "40": "#006783",
      "50": "#0081A4",
      "60": "#059DC7",
      "70": "#3FB8E3",
      "80": "#64D3FF",
      "90": "#BDE9FF",
      "95": "#E0F4FF",
      "98": "#F4FAFF",
      "99": "#FAFCFF",
      "100": "#FFFFFF"
    },
    "secondary": {
      "0": "#000000",
      "5": "#00131B",
      "10": "#081E27",
      "20": "#1E333C",
      "25": "#2A3E48",
      "30": "#354A53",
      "35": "#41555F",
      "40": "#4D616B",
      "50": "#657A85",
      "60": "#7F949F",
      "70": "#99AEBA",
      "80": "#B4CAD6",
      "90": "#D0E6F2",
      "95": "#E0F4FF",
      "98": "#F4FAFF",
      "99": "#FAFCFF",
      "100": "#FFFFFF"
    },
    "tertiary": {
      "0": "#000000",
      "5": "#0E0D2B",
      "10": "#191836",
      "20": "#2E2D4D",
      "25": "#393858",
      "30": "#454364",
      "35": "#514F71",
      "40": "#5D5B7D",
      "50": "#757397",
      "60": "#8F8DB2",
      "70": "#AAA7CE",
      "80": "#C6C2EA",
      "90": "#E3DFFF",
      "95": "#F2EFFF",
      "98": "#FCF8FF",
      "99": "#FFFBFF",
      "100": "#FFFFFF"
    },
    "error": {
      "0": "#000000",
      "5": "#2D0001",
      "10": "#410002",
      "20": "#690005",
      "25": "#7E0007",
      "30": "#93000A",
      "35": "#A80710",
      "40": "#BA1A1A",
      "50": "#DE3730",
      "60": "#FF5449",
      "70": "#FF897D",
      "80": "#FFB4AB",
      "90": "#FFDAD6",
      "95": "#FFEDEA",
      "98": "#FFF8F7",
      "99": "#FFFBFF",
      "100": "#FFFFFF"
    },
    "neutral": {
      "0": "#000000",
      "5": "#0E1113",
      "10": "#191C1E",
      "20": "#2E3132",
      "25": "#393C3D",
      "30": "#444749",
      "35": "#505355",
      "40": "#5C5F60",
      "50": "#757779",
      "60": "#8F9193",
      "70": "#A9ABAD",
      "80": "#C5C7C8",
      "90": "#E1E2E4",
      "95": "#EFF1F3",
      "98": "#F8F9FB",
      "99": "#FBFCFE",
      "100": "#FFFFFF"
    },
    "neutralVariant": {
      "0": "#000000",
      "5": "#0A1216",
      "10": "#151D20",
      "20": "#2A3235",
      "25": "#353D41",
      "30": "#40484C",
      "35": "#4C5458",
      "40": "#586064",
      "50": "#70787D",
      "60": "#8A9297",
      "70": "#A4ACB1",
      "80": "#C0C8CD",
      "90": "#DCE4E9",
      "95": "#EAF2F7",
      "98": "#F4FAFF",
      "99": "#FAFCFF",
      "100": "#FFFFFF"
    }
  },
  "styles": {
    "display": {
      "large": {
        "fontFamilyName": "Roboto",
        "fontFamilyStyle": "Regular",
        "fontWeight": 400,
        "fontSize": 57,
        "lineHeight": 64,
        "letterSpacing": -0.25
      },
      "medium": {
        "fontFamilyName": "Roboto",
        "fontFamilyStyle": "Regular",
        "fontWeight": 400,
        "fontSize": 45,
        "lineHeight": 52,
        "letterSpacing": 0
      },
      "small": {
        "fontFamilyName": "Roboto",
        "fontFamilyStyle": "Regular",
        "fontWeight": 400,
        "fontSize": 36,
        "lineHeight": 44,
        "letterSpacing": 0
      }
    },
    "headline": {
      "large": {
        "fontFamilyName": "Roboto",
        "fontFamilyStyle": "Regular",
        "fontWeight": 400,
        "fontSize": 32,
        "lineHeight": 40,
        "letterSpacing": 0
      },
      "medium": {
        "fontFamilyName": "Roboto",
        "fontFamilyStyle": "Regular",
        "fontWeight": 400,
        "fontSize": 28,
        "lineHeight": 36,
        "letterSpacing": 0
      },
      "small": {
        "fontFamilyName": "Roboto",
        "fontFamilyStyle": "Regular",
        "fontWeight": 400,
        "fontSize": 24,
        "lineHeight": 32,
        "letterSpacing": 0
      }
    },
    "body": {
      "large": {
        "fontFamilyName": "Roboto",
        "fontFamilyStyle": "Regular",
        "fontWeight": 400,
        "fontSize": 16,
        "lineHeight": 24,
        "letterSpacing": 0.5
      },
      "medium": {
        "fontFamilyName": "Roboto",
        "fontFamilyStyle": "Regular",
        "fontWeight": 400,
        "fontSize": 14,
        "lineHeight": 20,
        "letterSpacing": 0.25
      },
      "small": {
        "fontFamilyName": "Roboto",
        "fontFamilyStyle": "Regular",
        "fontWeight": 400,
        "fontSize": 12,
        "lineHeight": 16,
        "letterSpacing": 0.4000000059604645
      }
    },
    "label": {
      "large": {
        "fontFamilyName": "Roboto",
        "fontFamilyStyle": "Medium",
        "fontWeight": 500,
        "fontSize": 14,
        "lineHeight": 20,
        "letterSpacing": 0.10000000149011612
      },
      "medium": {
        "fontFamilyName": "Roboto",
        "fontFamilyStyle": "Medium",
        "fontWeight": 500,
        "fontSize": 12,
        "lineHeight": 16,
        "letterSpacing": 0.5
      },
      "small": {
        "fontFamilyName": "Roboto",
        "fontFamilyStyle": "Medium",
        "fontWeight": 500,
        "fontSize": 11,
        "lineHeight": 16,
        "letterSpacing": 0.5
      }
    },
    "title": {
      "large": {
        "fontFamilyName": "Roboto",
        "fontFamilyStyle": "Regular",
        "fontWeight": 400,
        "fontSize": 22,
        "lineHeight": 28,
        "letterSpacing": 0
      },
      "medium": {
        "fontFamilyName": "Roboto",
        "fontFamilyStyle": "Medium",
        "fontWeight": 500,
        "fontSize": 16,
        "lineHeight": 24,
        "letterSpacing": 0.15000000596046448
      },
      "small": {
        "fontFamilyName": "Roboto",
        "fontFamilyStyle": "Medium",
        "fontWeight": 500,
        "fontSize": 14,
        "lineHeight": 20,
        "letterSpacing": 0.10000000149011612
      }
    }
  },
  "extendedColors": [],
  "name": "material-theme"
}